{"cameraMode":{"drawMode":0,"name":"Shaded","section":"Shading Mode"},"sceneLighting":true,"audioPlay":false,"sceneViewState":{"m_AlwaysRefresh":false,"showFog":true,"showSkybox":false,"showFlares":true,"showImageEffects":true,"showParticleSystems":true,"showVisualEffectGraphs":true,"m_FxEnabled":true},"in2DMode":false,"pivot":{"x":11.974696159362793,"y":-6.592280387878418,"z":-18.928394317626954},"rotation":{"x":0.04470067471265793,"y":0.9266585111618042,"z":-0.11618924885988236,"w":0.35478076338768008},"size":16.30011558532715,"orthographic":false}