{"cameraMode":{"drawMode":0,"name":"Shaded","section":"Shading Mode"},"sceneLighting":false,"audioPlay":false,"sceneViewState":{"m_AlwaysRefresh":false,"showFog":true,"showSkybox":false,"showFlares":true,"showImageEffects":true,"showParticleSystems":true,"showVisualEffectGraphs":true,"m_FxEnabled":true},"in2DMode":false,"pivot":{"x":0.000012159347534179688,"y":2.9997968673706056,"z":0.499988317489624},"rotation":{"x":0.34596994519233706,"y":-0.07091440260410309,"z":0.019644875079393388,"w":0.9353798031806946},"size":4.272036552429199,"orthographic":false}