{"cameraMode":{"drawMode":0,"name":"Shaded","section":"Shading Mode"},"sceneLighting":true,"audioPlay":false,"sceneViewState":{"m_AlwaysRefresh":false,"showFog":true,"showSkybox":false,"showFlares":true,"showImageEffects":true,"showParticleSystems":true,"showVisualEffectGraphs":true,"m_FxEnabled":true},"in2DMode":false,"pivot":{"x":36.61443328857422,"y":-5.993385314941406,"z":38.34919357299805},"rotation":{"x":0.05543407052755356,"y":0.39528119564056399,"z":-0.023673517629504205,"w":0.9166263341903687},"size":29.858585357666017,"orthographic":false}